Designator,Footprint,Quantity,Value,LCSC Part #
"C1, C6, C7, C9",C_0402,4,100nF,C307331
C10,C_0805,1,1uF,C28323
C2,C_0402,1,1uF,C52923
"C3, C8",C_1206,2,10uF,C13585
C4,C_0603,1,10uF,C96446
C5,C_1206,1,22uF,C12891
"CN1, CN2",CONN-SMD_2P-P4.00_HDGC4001SMD-S-2P,2,HDGC4001SMD-S-2P,C5197184
D1,D_SMA,1,SS34,C8678
D2,D_SMB,1,SMBJ26A,C19077580
D3,D_0805,1,Yellow,C2296
D4,D_SOD-123,1,B5819W SL,C8598
D5,D_SOD-123,1,BZT52C10,C19077408
L1,IND-SMD_L4.4-W4.2,1,10uH,C177242
Q1,Q_SOT-23,1,HL2310A,C7420347
Q2,SOT-23_L2.9-W1.3-P1.90-LS2.4-BR,1,SI2356DS-T1-GE3,C74127
"R1, R2, R4, R8, R9",R_0402,5,10kΩ,C25744
R10,R_0402,1,100Ω,C25076
R3,R_0402,1,100kΩ,C25741
R5,R_0402,1,51kΩ,C25794
R6,R_0402,1,22kΩ,C25768
R7,R_0402,1,470Ω,C25117
S1,SW_TS-1088-AR02016,1,"Tactile Button, 160gf",C720477
U1,SOT-23-6_L2.9-W1.6-P0.95-LS2.8-BR,1,TPS560430XFDBVR,C523980
U2,WIFIM-SMD_ESP32-C3-MINI-1,1,ESP32-C3-MINI-1-H4X(4MB),C41349510
