Designator,Mid X,Mid Y,Rotation,Layer
C1,5.08,-4.191,270.0,top
C10,20.7264,-5.2324,180.0,top
C2,-8.001,1.992,180.0,top
C3,-9.652,-10.344401,0.0,top
C4,-8.6106,5.5988,90.0,top
C5,-5.6642,-7.9502,270.0,top
C6,-7.493,5.5988,90.0,top
C7,-14.1732,-7.474201,0.0,top
C8,-9.652,-12.732001,0.0,top
C9,-14.1732,-11.970001,180.0,top
CN1,-17.08,0.0,270.0,top
CN2,17.079999,0.0,90.0,top
D1,14.4526,6.0452,180.0,top
D2,-19.558,6.477,0.0,top
D3,4.191,-11.43,180.0,top
D4,21.6916,-10.1346,270.0,top
D5,-21.463,-11.1506,270.0,top
L1,-9.652,-6.483601,0.0,top
Q1,-21.463,-6.6689,180.0,top
Q2,8.7884,1.9812,0.0,top
R1,4.191,-4.191,90.0,top
R10,2.413,-4.191,270.0,top
R2,3.302,-4.191,90.0,top
R3,-19.05,-6.6548,270.0,top
R4,-8.001,3.4906,0.0,top
R5,-16.764,-9.1694,270.0,top
R6,-16.764,-11.1506,270.0,top
R7,-1.6002,-4.191,270.0,top
R8,-8.001,1.103,0.0,top
R9,7.6454,4.6482,90.0,top
S1,4.191,-7.239,180.0,top
U1,-14.1732,-9.709401,0.0,top
U2,0.0,2.7,0.0,top
